{"cameraMode":{"drawMode":0,"name":"Shaded","section":"Shading Mode"},"sceneLighting":false,"audioPlay":false,"sceneViewState":{"showFog":true,"showMaterialUpdate":false,"showSkybox":true,"showFlares":true,"showImageEffects":true,"showParticleSystems":true},"in2DMode":false,"pivot":{"x":-3.9082326889038088,"y":1.2705004215240479,"z":7.24744987487793},"rotation":{"x":-0.08979223668575287,"y":0.09307969361543656,"z":-0.008428945206105709,"w":-0.9915656447410584},"size":19.542144775390626,"orthographic":false}