{"cameraMode":{"drawMode":0,"name":"Shaded","section":"Shading Mode"},"sceneLighting":false,"audioPlay":false,"sceneViewState":{"showFog":true,"showMaterialUpdate":true,"showSkybox":true,"showFlares":true,"showImageEffects":true,"showParticleSystems":true},"in2DMode":false,"pivot":{"x":192.22879028320313,"y":239.06549072265626,"z":9.3494873046875},"rotation":{"x":0.019496066495776178,"y":-0.01649613119661808,"z":0.0003217324847355485,"w":0.9996745586395264},"size":459.338134765625,"orthographic":false}