{"cameraMode":{"drawMode":0,"name":"Shaded","section":"Shading Mode"},"sceneLighting":false,"audioPlay":false,"sceneViewState":{"showFog":true,"showMaterialUpdate":true,"showSkybox":true,"showFlares":true,"showImageEffects":true,"showParticleSystems":true},"in2DMode":false,"pivot":{"x":-1.4152456521987916,"y":-1.9933357238769532,"z":198.71153259277345},"rotation":{"x":0.4976537227630615,"y":-0.03640849143266678,"z":0.020913755521178247,"w":0.8663589358329773},"size":45.07084655761719,"orthographic":false}